ID,Recipient,Amount,Currency
1,Natasha Thomas,5047.29,AUD
2,Marc Joyce,1899.63,ZAR
3,Anthony Franco,9669.46,CAD
4,Robert Koch,7183.03,MXN
5,Mrs. Alyssa Cole,8754.06,NOK
6,Janet Carpenter,6730.3,NOK
7,Rebecca Smith,7063.75,ILS
8,Mr. Brett Walker,8484.45,NOK
9,Darryl Mendoza,3209.72,SGD
10,Kimberly Page,7700.28,CHF
11,James Bates,565.44,KRW
12,Stacy Young,3148.79,INR
13,Frank Duncan,118.48,INR
14,Vincent Schultz,3479.5,NOK
15,Kyle Mclean,8075.71,DKK
16,Mark Wade,7199.64,SEK
17,Ian Contreras,9840.51,CHF
18,Kristen Powell,7310.65,MXN
19,April Jensen,256.58,ZAR
20,Jeremy Reyes,4502.77,CHF
21,Amanda Martinez,5967.78,CAD
22,Ashley Davis,7021.77,DKK
23,Sandra Odonnell,2983.93,EUR
24,Richard Ramirez,5978.81,CHF
25,Patricia Young,9343.49,PLN
26,John Young,6711.45,CHF
27,Brianna Phillips,1657.48,CHF
28,Courtney Wallace,9328.0,CHF
29,Shannon Meyer,3415.51,SGD
30,Jonathan Sosa,8208.63,USD
31,Thomas Morgan,5468.0,EUR
32,Meghan Bennett,6883.37,CHF
33,Donna Cochran,9361.86,AUD
34,Shari Peterson DDS,4906.81,AUD
35,Brandon Byrd,4615.12,NZD
36,Jonathan Cross,8085.57,MXN
37,Robert Garcia,8206.0,NZD
38,Susan Harvey,537.36,GBP
39,Megan Moore,5508.66,JPY
40,Michael Frey,4854.15,MXN
41,Kevin Adams,7514.87,CAD
42,Debbie Phillips,4518.4,MXN
43,Christina Benton,3023.49,HKD
44,Kevin Andrade,5704.96,INR
45,Jenny Peters,4403.34,CAD
46,Ian Davis,3950.82,BRL
47,Kelly Bartlett,1613.19,BRL
48,Seth Patel,771.01,PLN
49,Darin Norris,8044.08,ILS
50,Adam Hanson,4209.57,GBP
51,Mr. Michael Williams,2520.81,HKD
52,Victoria Vasquez,5392.91,SEK
53,Carol Hines,2791.45,CAD
54,Stephanie Price,9878.83,NZD
55,Matthew Wilson,1790.37,BRL
56,Allison Smith,4155.25,JPY
57,Amanda Calhoun,5791.28,NOK
58,Paul Parker,6329.91,KRW
59,Kelly Riley,1483.85,ZAR
60,Douglas Hicks,9067.48,KRW
61,Rebecca Davis,5440.77,SGD
62,Donna Young,594.14,CHF
63,David Wang,7166.22,CAD
64,Aaron Griffith,1346.55,AUD
65,Samantha Jones,2406.41,HKD
66,Alan Mills,4441.55,AUD
67,Pamela Wilson,9351.46,NZD
68,Wesley Hutchinson,88.69,CHF
69,Haley Yoder,4863.09,PLN
70,Michelle Mccoy,9131.98,BRL
71,Amy Conway,8805.98,CAD
72,Kathleen Wheeler,8410.57,ZAR
73,Nathan Kelley,9532.35,CHF
74,Tyrone Lucas,9361.08,EUR
75,Shawn Ward,1749.06,ZAR
76,Hunter Dennis,1728.16,PLN
77,Daniel Stevens,9474.97,SEK
78,Tom Rowland,6156.79,KRW
79,Nicole Wheeler,6587.02,INR
80,James Powers,902.4,KRW
81,Eric Solis,2051.79,DKK
82,Gregory Carroll,5402.55,SGD
83,Louis Maldonado,8528.96,GBP
84,Ashley Hernandez,4798.04,CAD
85,Alice Navarro,208.42,NOK
86,Michele Johnson,5186.45,SEK
87,Crystal George,3045.51,BRL
88,Susan Williams,6891.79,HKD
89,Michael Hall,7589.28,ILS
90,Sara Jackson,1316.97,PLN
91,Jessica Aguilar,2452.15,INR
92,Daniel Hicks,2755.64,NZD
93,Patricia Lamb,5710.94,NZD
94,Mr. Brandon Brown,9079.27,HKD
95,Jasmine Macias,3856.76,SEK
96,Christopher Perkins,5338.31,MXN
97,Manuel Contreras,4988.65,CAD
98,Kenneth Chase,7174.34,SGD
99,Margaret Rhodes,9100.84,AUD
100,Jermaine Pope,9880.09,NOK
101,Melissa Stanley,2782.75,NOK
102,Christina Mcneil,9308.13,DKK
103,Christopher Bolton Jr.,4830.68,HKD
104,Audrey Edwards,5380.91,USD
105,Shelby Beltran,3740.76,MXN
106,Larry Gordon,2757.47,ZAR
107,Jasmin Stevens,7473.59,HKD
108,Jose Ramos,4436.39,INR
109,Melissa Rodriguez,8756.2,BRL
110,Nicole Bailey,516.8,SEK
111,Anne Singleton,8128.4,CHF
112,Brittany Rogers,559.52,NOK
113,Bill Sandoval,7483.88,HKD
114,Joseph Estrada,6542.22,MXN
115,Sophia Chen,6859.24,MXN
116,Kathy Ramirez,8079.74,DKK
117,Jennifer Smith,5026.14,BRL
118,Thomas Young,2793.69,KRW
119,Peter Huffman,2223.76,CHF
120,Mark Dominguez,624.98,DKK
121,Dr. David Henderson,6729.67,HKD
122,Shannon Robinson,6246.58,EUR
123,Regina Charles,371.55,MXN
124,Andrew Lopez,3105.98,NOK
125,Tammy Herrera,7226.79,ILS
126,Jason Hendricks,8398.49,EUR
127,Amy Patel,4058.02,JPY
128,Stephen Holder,8175.71,NZD
129,Keith Nguyen,8052.94,CAD
130,Toni Russell,6610.32,JPY
131,Jacob Smith,7447.51,ZAR
132,Angela Carrillo,3739.12,SGD
133,Kevin Holland,9912.95,NOK
134,Kristine Nunez,9458.32,NZD
135,Mark Benitez,215.92,ILS
136,Matthew Mclean,6199.47,NOK
137,Kevin Allison,620.69,SEK
138,Teresa Parrish,8747.32,KRW
139,Lisa Powers,6970.64,KRW
140,Joseph Strickland,6939.05,ILS
141,Charles Yoder,1225.34,SGD
142,Amanda Fields,4199.73,ZAR
143,Randy Hanson,2288.59,HKD
144,Paige Holland,3524.28,HKD
145,Suzanne Howard,7372.89,EUR
146,Gregory Hall,5383.84,NOK
147,Lauren Booth,4447.54,USD
148,Kathleen Garcia,7141.31,MXN
149,Anthony Schultz,1680.85,ILS
150,Heather Scott,6358.03,ZAR
151,Mary Guerrero,6596.66,EUR
152,Erica Parker,6027.07,BRL
153,Danielle Butler,1388.93,INR
154,Sean Schmidt,5888.24,AUD
155,Elizabeth Smith,364.3,PLN
156,Robert Cruz,4709.72,BRL
157,Marissa Gonzalez,3012.98,PLN
158,Christian Simmons,5508.23,KRW
159,Karen Jackson,3326.37,NOK
160,Sarah Singleton,4799.41,JPY
161,Steven Mcconnell,3879.46,AUD
162,Lisa Crawford,1294.77,PLN
163,Tina Brown,3850.02,GBP
164,Matthew Branch,7425.12,KRW
165,Shannon Mercado,6894.43,GBP
166,Heather Richardson,3122.22,CHF
167,Diane Williams,6913.17,EUR
168,Anthony Brock,9173.38,SEK
169,Christopher Oliver,5491.72,USD
170,William Powell,9901.51,MXN
171,Dwayne Williams,6861.96,NOK
172,Benjamin Johnson,4183.43,MXN
173,Jesus Reyes Jr.,7959.26,SEK
174,Joshua Galvan,5344.16,CAD
175,John Summers,9996.51,CHF
176,Michele Olson,3111.8,SGD
177,Karen Owens,5052.6,PLN
178,Jonathan George,6142.36,HKD
179,Rebecca Hanson,3936.84,ILS
180,Natalie Nelson,767.16,ILS
181,Sarah Roberts,141.23,BRL
182,Bethany Pena,4199.45,EUR
183,Joseph Koch,4628.52,USD
184,Rachel Barnes,3858.81,KRW
185,Nichole Brown,2665.38,MXN
186,Theresa Sweeney,1177.61,INR
187,Crystal Johnson,1253.67,CAD
188,Sandra Garcia,8334.79,DKK
189,Austin White,6197.48,MXN
190,Andrew Vasquez,8552.72,INR
191,Heather Fox,8641.17,KRW
192,Gerald Baker,3237.28,PLN
193,Zachary Simmons,1854.07,JPY
194,Jessica Walker,1044.64,CAD
195,Cody Dawson,4485.54,HKD
196,Gary Washington,440.05,NZD
197,Alyssa Robinson,7686.37,INR
198,Rachel Jones,2168.06,AUD
199,Benjamin Burns,8738.15,PLN
200,April Alexander,3893.59,JPY
201,Sheri Keller,2006.16,ILS
202,Noah Avila,3620.27,PLN
203,Jared Gutierrez,4861.9,NZD
204,Craig Kelly,1106.82,EUR
205,Timothy Walker,1423.26,GBP
206,Adam Reed,5889.02,GBP
207,Cory Hoffman,2174.56,ILS
208,Austin Silva,7980.02,KRW
209,Rebecca Cortez,5239.12,NZD
210,Julia Ryan,4756.36,JPY
211,Richard Schaefer,7212.46,GBP
212,Bryan Hernandez,8221.56,ZAR
213,Anthony Branch,5417.27,USD
214,Amy Keith,597.89,ILS
215,Henry Jackson,1465.83,CAD
216,Crystal Roberts,6123.42,SEK
217,Kenneth Sherman,3521.59,ZAR
218,Stacey Mann,8726.8,DKK
219,Michael Sanchez,2397.36,PLN
220,Connie Jones,7752.84,PLN
221,Eric Olsen,223.99,CAD
222,Jessica Miller,3879.33,INR
223,Carlos Hall,4747.56,EUR
224,Jay Hayes,4976.0,NOK
225,Connie Wagner,8259.23,SEK
226,Amanda Gonzalez,7564.93,BRL
227,Joseph Rogers Jr.,580.88,ILS
228,Joshua Chambers,2991.23,INR
229,Kaitlyn Hamilton DDS,5382.32,SGD
230,Steven Dunlap,8677.55,NZD
231,Michael Powers,7542.59,KRW
232,Nathan Stanton,4459.39,GBP
233,Barbara Fowler,4814.84,NOK
234,Timothy Hansen,9400.05,INR
235,Cynthia Juarez,3141.31,MXN
236,Edward Hill,7962.33,PLN
237,Dr. Scott Murray,3560.7,ILS
238,Steve Thomas,4858.09,KRW
239,Sarah Conway,5490.36,AUD
240,Nicholas Hernandez,2282.08,USD
241,Bonnie Curry,4776.88,JPY
242,Mitchell Reese,8258.83,NOK
243,Marc Stevenson,6002.04,NOK
244,Emily Nicholson,4394.72,HKD
245,Brittany Moyer,356.84,SEK
246,Sharon Williams,7840.64,KRW
247,Jenna Obrien,2945.03,INR
248,Roberto Johnson,1518.45,MXN
249,Lisa Bush,6868.2,INR
250,Douglas Chung MD,7320.29,GBP
251,Becky Snyder,2342.84,INR
252,Daniel Mcdonald,2330.57,ZAR
253,Eric Stephens,9013.04,PLN
254,William Brooks,962.71,GBP
255,Stacy Ballard,2356.9,INR
256,Erin Estrada,5693.88,PLN
257,Daniel Cherry,1904.28,SEK
258,Cassandra Smith,12.84,USD
259,Danny Woodward,8856.4,CHF
260,Christopher Garrison,417.41,CAD
261,Mary Jackson,7713.73,DKK
262,Peggy Martinez,4671.25,INR
263,Douglas Ramos,4518.83,BRL
264,Larry Lowery Jr.,6504.74,EUR
265,Carla Hopkins,3769.6,JPY
266,Teresa Rivers,2082.18,GBP
267,Nicole Mcgee,9091.96,GBP
268,Patricia Morales,154.3,GBP
269,John Robinson,3003.94,DKK
270,Norman Wilson,824.04,BRL
271,Jeremy Brock,4811.3,ILS
272,Jeremy Little,7434.36,DKK
273,Matthew Butler,1039.85,MXN
274,Heidi Villarreal,1347.33,EUR
275,James Navarro,202.9,HKD
276,Michael Mccarty,4243.75,DKK
277,Janice Curry,3017.14,CHF
278,Ruth Young,5338.76,CAD
279,Clayton Dominguez,3028.96,NZD
280,Shawn Stone,3069.67,ILS
281,Anthony Livingston,6068.68,CHF
282,Joshua Brown,2255.39,NZD
283,Greg Nguyen,1621.01,ZAR
284,Jessica Hinton,9116.1,NZD
285,Kristopher Sanders,5350.0,HKD
286,Courtney Smith,2041.79,AUD
287,Ashley Stewart,2153.11,PLN
288,Ryan Whitney,6327.27,NOK
289,Samantha Scott,5198.08,USD
290,Justin Walls,6206.4,NOK
291,Angelica Wagner,7229.97,GBP
292,Evelyn Jones,3153.46,SEK
293,Melissa Webb,3906.73,CAD
294,Nancy Burnett,2276.27,DKK
295,Kaitlin Sanders,9025.42,MXN
296,Jon Romero,5009.73,NOK
297,Andrea Jones,3178.1,ZAR
298,Ricky Rios,7152.69,INR
299,Gabriela Cannon,8560.5,INR
300,Thomas Williams,607.0,DKK
301,Angela Fletcher,7661.7,AUD
302,Mark Brown,6343.37,AUD
303,Adrian Potter,5246.92,AUD
304,Gabriela Hall,2340.88,ZAR
305,Jennifer Walker,2145.01,KRW
306,Stacy Franklin,312.67,NOK
307,Devon Coffey,322.71,BRL
308,Daniel Hodges,5238.1,INR
309,Anne Allen,4207.94,DKK
310,Tammy Davis,3127.27,SEK
311,Adam Beck,8472.83,SGD
312,Chad Pratt,7727.39,HKD
313,Mark Fields,6937.53,GBP
314,Jason Mills,6314.82,PLN
315,Michael Reed,956.84,CAD
316,Dr. Tracy Leach MD,4042.39,CAD
317,Michelle Stanley,50.18,USD
318,Katherine Gutierrez,4288.14,BRL
319,Johnathan Johnson,409.27,MXN
320,Dalton Sweeney,429.51,GBP
321,Nicholas Flores,7653.39,BRL
322,Robert Reed,8571.73,GBP
323,Trevor Riley,8264.14,PLN
324,Andrew Payne,5626.98,INR
325,Lee Schneider,4272.44,AUD
326,John King,2348.6,NZD
327,Richard Mcintosh,6343.51,USD
328,Ashley Maxwell,338.63,HKD
329,Mark Frederick,806.85,CHF
330,Veronica Bell,1983.76,CHF
331,Brandon Lambert,7225.78,CHF
332,Kristen Carr,3654.07,INR
333,Susan Medina,6618.51,INR
334,Mark Serrano,3668.87,GBP
335,Crystal Austin,5880.45,CAD
336,Amy Klein,8282.62,DKK
337,John Bishop,919.28,USD
338,Tony Wilson,2914.38,BRL
339,Timothy Diaz,5328.99,HKD
340,Sean Medina,8235.07,KRW
341,John Mckinney,3136.81,ILS
342,Joseph Turner,4905.38,USD
343,Adam Roy,7785.66,ZAR
344,Manuel Suarez,791.33,USD
345,Sarah Flores,1655.54,SEK
346,Linda Jackson,9747.34,INR
347,Michael Glass,22.52,INR
348,Carol Robinson,5082.73,USD
349,Joseph Williams,2999.04,BRL
350,Matthew Thompson,4879.17,NZD
351,Lorraine Carlson,8616.92,ILS
352,Shawn Hall,2779.14,DKK
353,Derek Williams DVM,280.1,NZD
354,Corey Guzman,9414.02,JPY
355,Kelly Peterson,7538.27,NZD
356,Dr. Michael Cook,6528.95,ILS
357,Timothy Douglas,8418.82,HKD
358,Amanda Martin,3753.86,JPY
359,Jason Dalton,8597.32,SEK
360,William Campos,8295.61,AUD
361,Christine Johnson,4813.63,JPY
362,Emma Conley,6739.57,NOK
363,Sarah Gonzalez,4631.64,CAD
364,Kelly Floyd,9930.4,USD
365,Jeremy Ayala,4941.88,EUR
366,Jamie Gibson,1885.79,INR
367,Michelle Hamilton,9584.2,AUD
368,Elizabeth Hines,5730.2,PLN
369,Jennifer Anderson,8257.67,NZD
370,Marco Kramer,1008.91,CHF
371,John Yang,178.33,SGD
372,Larry Mcdaniel,4324.83,ZAR
373,Marvin Melton,7807.55,JPY
374,Timothy Ibarra,5333.27,SGD
375,Ryan Bishop,2127.55,NZD
376,Kristen Carroll,9962.17,PLN
377,Cynthia Roberts,7872.86,MXN
378,Aaron Green MD,5678.49,AUD
379,Mrs. Victoria Wilson,91.46,GBP
380,Brenda Herman,7463.55,BRL
381,Maria Mendez,5424.94,DKK
382,Paul Ballard,7869.14,SGD
383,Cory Howard,8704.74,GBP
384,Megan Ramsey,3980.94,CAD
385,Shannon Ball,4810.78,ZAR
386,Rachel Barnett,3123.54,SGD
387,Jessica Davis,6394.99,NZD
388,Deborah Fisher,2063.53,SGD
389,Darrell Cruz,9789.55,CHF
390,Randy Doyle,494.06,JPY
391,Nathaniel Ramos,5868.64,USD
392,Mary Nelson,2840.32,HKD
393,Lisa Brown,1070.95,SGD
394,Holly Walls,4421.03,CAD
395,Heather Guzman,9670.95,HKD
396,Miranda Brown,1539.91,CHF
397,Regina Mason,7444.73,SEK
398,Mr. Thomas Baker,7925.74,ILS
399,Calvin Cruz,4808.56,AUD
400,Jennifer Garcia,2262.6,AUD
401,Anne Miller,1940.54,PLN
402,Kelsey Wright,5746.99,USD
403,Phillip Mccann,8537.77,EUR
404,Christine Miller,9229.59,BRL
405,Autumn Davis,9981.55,PLN
406,Judy Carlson,7300.36,NOK
407,Seth Owens,3287.89,INR
408,Kevin Buckley,2326.91,PLN
409,Thomas Hall,5191.92,ILS
410,Rebecca Mccormick,6984.41,ILS
411,Alexander Riddle,498.62,EUR
412,Thomas Nguyen,8829.65,HKD
413,Benjamin Stokes,764.15,BRL
414,Paul Wise,5708.97,GBP
415,Jimmy Stafford,9087.24,INR
416,David Malone,5360.76,INR
417,Jonathan Williams,6240.91,CHF
418,Erika Jefferson,9130.32,SGD
419,Tonya Craig DDS,7584.7,CHF
420,Courtney Adams,7872.35,ILS
421,Colin Gaines,1847.44,AUD
422,Edward Williams,8570.96,USD
423,Kathryn Combs,6046.84,NZD
424,Jacob Crawford,9085.25,CHF
425,Nicole Thomas,4122.06,SGD
426,Anne Andrade,2776.13,INR
427,Erica Williamson,7681.91,KRW
428,Daniel Newton,1337.13,HKD
429,Marissa Richardson,1692.96,AUD
430,Kimberly Harper,9694.41,NZD
431,Andrew Rollins,7590.07,GBP
432,Kayla Smith,8768.02,PLN
433,Nicholas Mcbride,8693.7,MXN
434,Briana Ramsey,7367.04,NOK
435,Mary Schmidt,2288.72,ZAR
436,Jessica Foster,8957.44,INR
437,Christopher Branch,2777.33,KRW
438,Vernon Miller,1818.04,MXN
439,Mr. Robert Collins MD,630.77,KRW
440,Joshua Barton,2610.89,HKD
441,Johnny Huang,8563.12,CHF
442,Jason Kelly,8261.44,KRW
443,Dawn Hamilton,9127.98,GBP
444,Yvonne Chen,8720.28,ILS
445,Anthony Smith,3922.75,EUR
446,Jeanne Brown,5906.88,ZAR
447,Richard Marsh,3740.49,DKK
448,David Ramirez,869.0,DKK
449,Diana Fox,7150.61,CHF
450,Joseph Kemp,5502.1,USD
451,Shawn Palmer,2423.64,INR
452,Sarah Turner,8325.05,ZAR
453,Rachel Gardner,3776.38,NZD
454,Joseph Lopez,9456.57,NOK
455,Lisa White,5813.83,ZAR
456,Rebecca Ayala,7651.83,AUD
457,Richard Hunt,3605.5,DKK
458,Daniel Edwards,9467.78,JPY
459,Jesse Anderson,1516.55,SEK
460,Zachary Weber,323.52,EUR
461,Glenn Thompson,8637.91,USD
462,Shane Ramos,9522.31,CAD
463,Paul Kent,513.4,KRW
464,David Jackson,5185.81,KRW
465,Laura Walters,3269.01,HKD
466,Nicholas Hoover,2790.89,GBP
467,Andrew Kelly,8737.51,HKD
468,Matthew Jackson,974.79,NZD
469,Rhonda Mack,927.06,NOK
470,Teresa Miller,9176.32,PLN
471,Sara Ibarra,8691.75,CAD
472,Timothy Castillo,8000.61,INR
473,Matthew Martinez,4727.4,ZAR
474,Jordan Grant,4923.77,SGD
475,Austin Reynolds,8275.02,AUD
476,Alyssa Conner,6223.94,HKD
477,Daniel Shannon,1552.37,PLN
478,Chelsea Brooks,5377.0,SGD
479,Eric Johnson,5558.1,MXN
480,Robert Martin,6845.0,GBP
481,Sherry Thomas,8831.06,MXN
482,David Kim,5657.81,PLN
483,Brian Johnson,2667.41,SEK
484,James Hunter,1182.61,SGD
485,Kayla Cooper,7380.59,ZAR
486,Jacob Mcconnell,9018.85,PLN
487,Jason Cooper,4228.47,USD
488,Anna Soto,4423.56,NZD
489,Alyssa Sandoval,5467.58,AUD
490,Kelsey Thompson,7509.1,INR
491,Laurie Mcdowell,5264.21,ILS
492,Thomas Rojas,3423.59,INR
493,Brett Parsons,1026.56,PLN
494,Jason Hammond,6041.68,NOK
495,David Rojas,1834.1,JPY
496,Emily Andrade,101.14,KRW
497,Jason Young,3057.24,NZD
498,Larry Duke,4312.46,KRW
499,Traci Smith,5140.72,SEK
500,Joanne Simpson,9394.74,AUD
501,Jerry Bond,715.25,INR
502,Karen Roth,2187.33,NZD
503,Amanda Porter,5801.05,HKD
504,Ariana Lucas,6185.04,MXN
505,David Peterson,1562.48,AUD
506,Wendy Kelly,2128.18,AUD
507,Christopher Diaz,9528.64,BRL
508,David Thompson Jr.,830.62,CHF
509,Rachel Leblanc,1488.09,PLN
510,Benjamin Cherry,2686.72,AUD
511,John Wright,4785.9,HKD
512,Victor Hughes,6406.5,CHF
513,Mark Walton,284.82,BRL
514,Dawn Marsh,3757.96,EUR
515,Joseph Mason,1041.37,CHF
516,Tonya Johnson,626.63,USD
517,Curtis Phillips,6238.47,EUR
518,Jennifer Shepherd,4724.36,SEK
519,Noah Smith,2237.52,PLN
520,Joseph Swanson,1484.0,CAD
521,Marc Thornton,8794.01,EUR
522,Gabrielle Salas,5625.07,SGD
523,Ricky Hale,4990.47,KRW
524,Kelly Barrera,1400.04,HKD
525,Steven Buchanan,7612.61,NZD
526,Lauren Bauer,8873.62,INR
527,Brianna Parker,1223.66,DKK
528,Deborah Turner,9480.32,PLN
529,Shawn Ramirez,6914.02,GBP
530,Troy Dorsey,4287.49,DKK
531,Darlene Moreno,7978.69,INR
532,Kathryn Stout,5565.57,ILS
533,Christopher Glenn,137.38,NOK
534,Darryl Nelson,4692.71,EUR
535,Gloria Rhodes,6678.76,SGD
536,Gary James,6397.88,ZAR
537,Rachel Martin,8361.88,JPY
538,Steven Washington,3007.88,USD
539,Jesse Ellis,9816.34,NZD
540,Veronica Goodwin,4801.19,BRL
541,Janet Jones,9756.88,INR
542,Randy Mercado,9355.4,KRW
543,Olivia Glenn,2826.08,DKK
544,David Carter,1291.88,HKD
545,Lori Miller,1783.23,DKK
546,James Rodriguez,1811.23,USD
547,Rachel White,2427.19,CHF
548,Kathleen Mcdaniel,674.77,SGD
549,Angel Green,1065.88,MXN
550,Vincent Spencer,2764.4,GBP
551,Kelly Simmons,3771.35,PLN
552,Meredith Harper,747.98,MXN
553,Barbara Gilbert,5178.04,INR
554,James Castillo,8352.85,PLN
555,Julia Ruiz,2610.32,CHF
556,Timothy Castaneda,4240.43,CHF
557,Molly Rhodes,774.81,AUD
558,Terrance Shannon,9880.2,ILS
559,Rachel Clark,2891.51,MXN
560,Sarah Lawrence,9663.49,NOK
561,James Evans,8237.09,HKD
562,Rachel Mcconnell,7663.35,GBP
563,Todd Jones,7111.16,ILS
564,Christy Mccormick,6888.93,SEK
565,Angela Thomas,952.31,INR
566,Jason Rose,7185.05,NOK
567,Erica James,1916.42,CAD
568,Jacob Pena,6274.4,MXN
569,Alexandra Burke,899.13,CAD
570,Melissa Jennings,6255.57,USD
571,David Sherman,34.29,DKK
572,Cindy Oconnor,4636.27,DKK
573,Thomas Sullivan,9768.11,ZAR
574,Morgan Hebert,6664.6,HKD
575,Yvonne Henry,2767.35,GBP
576,Philip Vega PhD,6209.27,CAD
577,Ronald Reynolds,2705.63,NOK
578,Keith Chen Jr.,702.41,ILS
579,David Willis,8968.9,PLN
580,Randy Johnson,8187.85,BRL
581,Amanda Mason,9963.47,BRL
582,Brandi Martin,8801.19,PLN
583,Crystal Wells,9173.62,BRL
584,James Lee,2351.28,USD
585,Sherry Reed,3329.02,USD
586,Crystal Robertson,9172.16,SGD
587,John Knight,2167.95,DKK
588,Amanda Hunter,8090.89,EUR
589,Walter Cole,2383.69,SEK
590,Walter Oconnor,9665.69,GBP
591,Thomas Young,7524.71,SGD
592,Elizabeth Miller,1713.79,SGD
593,Angela Bailey,6545.13,EUR
594,Lacey Chambers,1778.83,HKD
595,Ms. Angela Thomas,2007.18,GBP
596,Tony Cook,2363.24,INR
597,Matthew Leon,1110.29,CAD
598,Lori Lewis,8618.39,EUR
599,Antonio Simmons,2167.7,MXN
600,David Chavez,1665.38,SGD
601,Jennifer Mueller,5544.96,ILS
602,Steven Gonzalez,9774.2,JPY
603,John Pugh,4536.15,INR
604,David Johnson,3229.81,SGD
605,Cynthia Sullivan,2654.72,SGD
606,Martha Martinez,6256.19,CHF
607,Zachary Simpson,9774.65,KRW
608,Jerry Harrell,2813.63,SEK
609,Louis Gibson,250.88,BRL
610,Katie Collins,9488.43,HKD
611,Mary Hanson,7495.31,EUR
612,Larry Murphy,8131.54,MXN
613,Melissa May,9675.52,SGD
614,Dr. Brittany Gilbert,1756.22,GBP
615,Lisa Williams,2545.0,NZD
616,Joseph Guerrero,3637.42,PLN
617,Elizabeth Robles,5181.06,GBP
618,Daniel Hicks,6564.15,DKK
619,David Arnold,4376.09,JPY
620,Beverly Hooper,3358.18,MXN
621,Tracey Morgan,9513.15,INR
622,Meredith James,1615.26,INR
623,Jose Lopez,1799.54,EUR
624,Michelle Scott,9895.85,KRW
625,Jose Kline,8741.16,SGD
626,Patrick Frey,9124.48,ILS
627,Elijah Watts,1399.89,CAD
628,Mr. Andrew Richards,8597.77,BRL
629,Suzanne Carlson,4487.9,BRL
630,Cheyenne Alexander,2164.74,AUD
631,Charles Graham,3404.84,JPY
632,Samantha Kim,2134.3,CHF
633,Michelle Reeves,8467.09,SEK
634,Cathy Melton,4669.99,NZD
635,Wendy Thomas,2064.18,CAD
636,Kim Barry,4432.53,NOK
637,David Santiago,5123.95,HKD
638,Lacey Gonzales,6684.55,INR
639,Luis Pierce,5921.51,PLN
640,Matthew Fernandez,7678.63,JPY
641,Jacob Roberson,3003.7,GBP
642,Lori Marquez,3965.81,KRW
643,Ronald Lewis,6783.18,SEK
644,Gabriel Marquez,3872.59,HKD
645,James Carpenter,8399.31,MXN
646,Jeffrey Merritt,4769.23,NOK
647,Christopher Coffey,3730.06,KRW
648,Nicole Young,8784.84,INR
649,Lance Glover,2000.21,CAD
650,Eric Rivera,3090.41,HKD
651,Sean Anderson,9185.64,BRL
652,Roger Ho,7010.95,KRW
653,Richard Bennett,9120.55,CHF
654,Patrick Martinez,4110.42,INR
655,Thomas Buck,1359.39,CHF
656,Raymond Wade,6527.33,DKK
657,Jessica Poole,4597.59,DKK
658,Christopher Montoya,6255.29,NZD
659,Christina Mack,2821.09,USD
660,Kimberly Martinez,7057.25,NOK
661,John Sanchez,2115.47,SEK
662,Brenda Robinson,2427.05,USD
663,Tammy Gamble,4069.1,SEK
664,Kimberly Powell,7770.53,NZD
665,Logan Larson,3859.96,SEK
666,Randall Banks,2707.23,KRW
667,Douglas Roberts,7576.85,ZAR
668,Kristy Johns,2148.55,SGD
669,Nathan Long DDS,6477.6,BRL
670,James Maldonado,2952.46,CHF
671,Christy Paul,6973.54,INR
672,Emma Willis,5868.48,NZD
673,Shelly Herrera,6730.02,EUR
674,Johnny Allen,9546.7,KRW
675,Sarah Riddle,7573.93,SEK
676,Charles Lopez,884.61,CAD
677,Nicholas Ramirez,7845.3,EUR
678,Dale Figueroa,3970.08,CAD
679,Zachary Burton,754.85,KRW
680,Mark Delacruz,6479.39,MXN
681,Brittany Walker,351.02,DKK
682,Cynthia Martin,8525.21,EUR
683,Mr. Adam Banks Jr.,8977.28,NOK
684,Grace Smith,1361.34,KRW
685,Jessica Newman,7247.24,ZAR
686,Dawn Wilson,4363.18,JPY
687,Joshua Romero,4786.22,EUR
688,Mrs. Amber Tucker MD,8478.77,NZD
689,Jacob Sims,5371.79,PLN
690,Sydney Moon,9832.36,GBP
691,Charles Townsend,5167.52,NOK
692,Matthew Mejia,1495.37,USD
693,Meagan Contreras,4733.64,CHF
694,Justin Rodriguez,1756.37,SGD
695,Benjamin Herring,5806.85,DKK
696,Marvin Saunders,7724.27,GBP
697,Amanda Smith,6726.43,CHF
698,Victoria Jones,874.11,NZD
699,Taylor Davis,8053.98,HKD
700,Amanda Rivers,7227.24,SGD
701,Matthew Jones,3578.13,SEK
702,Jeffrey Stone,263.19,ZAR
703,Sarah Walker,3221.9,AUD
704,Erika Price,7014.08,AUD
705,Mr. Jeffrey Leonard,4890.17,AUD
706,Kevin Peterson,7693.68,USD
707,Anthony Lyons,6577.18,SEK
708,Brittany Perry,3135.85,SEK
709,Abigail Jones MD,7629.71,PLN
710,Christian Anderson,8344.94,SGD
711,Henry Turner,1612.98,BRL
712,Kelly Benton,7042.75,CHF
713,Bonnie Thompson,4455.31,ZAR
714,Michael Figueroa,997.53,DKK
715,Matthew White,8936.89,SGD
716,Alfred Miller,9838.44,EUR
717,Victoria Cunningham,5267.57,EUR
718,Brandi Smith,7582.06,EUR
719,Corey Barrera,8822.13,JPY
720,Christopher Spencer,2065.0,DKK
721,Albert Brown,3270.05,JPY
722,Crystal Johnson,437.79,PLN
723,Laura Wood,9668.65,SGD
724,Manuel Dunlap,972.37,NZD
725,Andrew Scott,6187.99,JPY
726,Corey Vargas,3327.55,JPY
727,Andrew Dunn,8033.74,ILS
728,Jason Allen,3327.7,AUD
729,Bryan Smith,3744.41,BRL
730,Bianca Willis,2571.14,MXN
731,Daniel Hughes,5995.88,GBP
732,Shane Russell,9854.22,SGD
733,Kevin Moore,624.58,ZAR
734,Todd Warner,6634.44,NZD
735,Ryan Mosley,1430.08,SGD
736,Robert Page,1131.04,JPY
737,Natalie Graham,5408.77,KRW
738,Robert Williamson,8319.91,DKK
739,Dr. Kaitlin Young,2829.23,GBP
740,Rachel Reynolds,7329.8,CAD
741,Joseph Peterson,6225.48,ILS
742,Brenda Watts,4634.06,HKD
743,Lori Ramirez,1010.46,GBP
744,Lisa Norris,8338.32,SEK
745,Anthony Jones,6245.67,BRL
746,Robert Rodriguez,9934.35,SGD
747,Jose Anderson,9446.33,NOK
748,Amy Lara,9262.68,KRW
749,Kara Bean,3194.13,BRL
750,Jacob Gray,827.28,INR
751,Jennifer Brown,5105.23,SEK
752,Sydney Brown,4655.79,ZAR
753,Jennifer Hopkins,8837.51,GBP
754,Kimberly Macdonald,7992.76,JPY
755,Amanda Schneider,7542.22,SGD
756,Jason Jackson,1338.17,HKD
757,David Carlson,9186.23,HKD
758,Denise Williams,7433.98,HKD
759,Kaitlyn Lane,6120.61,KRW
760,Andrew Cooper,5417.98,HKD
761,James Hughes,1017.65,NZD
762,Stanley Ali,7896.4,SEK
763,Brandon Velazquez,3205.64,ILS
764,Crystal Garrett,9441.4,SGD
765,Kathleen Hensley,5603.58,PLN
766,Casey Hill,2933.35,AUD
767,Darryl Phelps,3537.46,MXN
768,Nicole Jones,3569.8,HKD
769,William Curry,5949.39,SGD
770,Alec Khan,2039.78,GBP
771,Kyle Mclaughlin,9323.34,AUD
772,Joshua Weiss,1059.09,CHF
773,Joy Edwards,6155.49,ZAR
774,Jennifer Rodriguez,1675.48,NZD
775,Brian Howell,4003.94,JPY
776,Jeff Hernandez,5897.21,MXN
777,Courtney Nelson,947.62,NZD
778,Nicholas Clark,9820.56,KRW
779,Glen Johnson,9440.25,EUR
780,Lori Obrien,8734.03,ILS
781,Lisa Simmons,5924.3,NZD
782,Thomas Brown,2709.8,AUD
783,Peter Price,5690.5,SEK
784,Warren Mason,1376.31,ILS
785,Kelly Ruiz,5994.1,AUD
786,Madison Soto,5364.85,JPY
787,Jerry Dennis,1616.45,DKK
788,Melissa Griffin,4082.68,ILS
789,Pamela Collins,6651.8,HKD
790,Kayla Henderson,3591.53,PLN
791,William Bennett,7250.81,ZAR
792,Brittany Rogers,4116.19,SEK
793,Alexander Bush,6780.63,DKK
794,Melissa Marquez,6262.47,PLN
795,Robert Klein,3804.34,NZD
796,Randall Pugh,6805.07,KRW
797,Walter Brennan,5449.38,DKK
798,April Malone,2967.89,CAD
799,Amanda Kennedy,4721.11,HKD
800,Michael Henderson,9486.62,INR
801,Tracy Glenn,3535.45,CHF
802,Heather Smith,768.47,ILS
803,Eric Bird,8124.82,JPY
804,Rachel Gray,9762.8,PLN
805,James Chambers,8882.97,AUD
806,Alicia Rodriguez,2727.63,GBP
807,Christopher Hines,3524.46,DKK
808,Douglas Smith,4106.83,NOK
809,Shane Fox,5108.43,INR
810,Brianna Nolan,1485.35,MXN
811,Vicki Hoffman,9972.71,KRW
812,Linda Weiss,6493.92,USD
813,Lisa Mcfarland,7642.98,CAD
814,Lee Russell,55.72,DKK
815,Mrs. Jessica Vazquez DDS,8751.35,NOK
816,Miguel Chandler,5247.52,BRL
817,Travis Vasquez,4324.11,CAD
818,David Johnson,5764.99,PLN
819,Christian Leach,8271.36,SEK
820,Traci Gentry,3014.8,GBP
821,Alec Zhang,3399.07,CAD
822,Stacy Franklin,5324.04,USD
823,Erica Anderson,3550.01,NZD
824,Sarah Smith,7392.28,CAD
825,Bryan Thomas,6875.06,SEK
826,Vickie Jarvis,5376.43,SGD
827,Stephanie Davis,886.53,INR
828,Daniel Baker,5836.92,GBP
829,Candice Moore,8950.4,EUR
830,Sabrina Lopez,5575.33,SEK
831,Justin Kennedy,19.16,JPY
832,Kathryn Owens,7270.57,SGD
833,Jennifer Gregory,4457.95,ILS
834,Jennifer Long,6246.01,ZAR
835,Kristin Wilson,9626.28,GBP
836,Caitlyn Watson,4929.57,ZAR
837,Miranda Mckee,5540.51,EUR
838,Sierra Taylor,7706.87,CAD
839,Timothy Williamson,77.83,NZD
840,Benjamin Lopez,6785.25,NOK
841,Alfred Johnson,5196.97,ZAR
842,Timothy Austin,545.25,NOK
843,Barbara Blackburn,799.21,ZAR
844,Luis Jackson,2696.81,NOK
845,Thomas Fowler,3388.59,NZD
846,Margaret Hunter,4325.34,EUR
847,Destiny Bird,4848.54,ZAR
848,Christopher Atkins,738.86,BRL
849,William Zamora,4755.22,AUD
850,Lauren Phelps DDS,4334.88,DKK
851,David Knight,7460.3,MXN
852,Nicole Santiago,8966.65,NOK
853,James Matthews,3610.77,KRW
854,Christina Reed,1629.58,BRL
855,Matthew Marquez,9733.44,USD
856,Holly Hernandez,4119.16,BRL
857,Justin Wood,868.3,MXN
858,Monique Miller,793.7,ZAR
859,Amanda Taylor,3554.25,SEK
860,Anna Greene,4949.75,MXN
861,Lance Franklin,1304.47,EUR
862,April Johnson,2026.08,EUR
863,Courtney Gonzalez,7346.8,ZAR
864,Gary Blair,8667.18,KRW
865,Elizabeth Lopez,3059.77,HKD
866,Russell Boyd II,7452.59,CAD
867,Wanda Johnson,6105.6,HKD
868,Brian Mueller,4222.05,GBP
869,Anna Keith,5097.16,ZAR
870,Taylor Martinez,8151.12,DKK
871,Tonya Jones,570.48,EUR
872,Miss Pamela Little,3999.1,KRW
873,Dr. Tyrone Walsh,8442.65,AUD
874,Ashley White,4873.19,ZAR
875,Joseph Harrington,5048.82,NOK
876,Laura Moore,3484.89,BRL
877,Ian Sloan,838.52,KRW
878,Ryan Beck,3893.41,MXN
879,Julie Austin,3822.68,EUR
880,Justin Snyder,9479.18,CHF
881,Christopher Greer,1046.55,AUD
882,Christian Colon,1738.85,NZD
883,Deborah Blair,8890.38,EUR
884,Robert Martinez,8378.2,SGD
885,Holly Dudley,5478.34,CHF
886,Jay Salazar,2112.05,NZD
887,Tina Roach,7048.6,MXN
888,Tanya Richards,5098.33,NOK
889,Richard Braun,1298.56,EUR
890,James King,6270.12,CHF
891,Sarah Wilson,3628.24,ZAR
892,Dr. Brandon Davis,3773.73,PLN
893,Lee White,1673.8,HKD
894,Mrs. Christine Potter,9814.55,PLN
895,Dominique Houston,3573.49,NOK
896,Shannon Frazier,4576.07,GBP
897,Misty Payne DVM,3164.36,BRL
898,Justin Mendoza,392.5,AUD
899,Audrey Morton,9451.11,GBP
900,Sharon Miranda,7250.8,MXN
901,Michelle Williams,1507.6,SEK
902,Melissa Fowler,3395.62,JPY
903,Michele Hill,4970.04,BRL
904,Ms. Julie Cruz,7932.56,CHF
905,Deborah Wells,3675.67,NZD
906,Alice Russell,9793.71,CAD
907,Katrina Rogers,5334.38,INR
908,Andrew Beck,9443.02,BRL
909,Amanda Mcconnell,1077.97,GBP
910,Curtis Jones,2836.61,CHF
911,Lisa Lewis,6883.23,PLN
912,Elizabeth Randolph,4516.18,HKD
913,Daniel Hoffman,1708.15,PLN
914,Keith Brown,9760.99,GBP
915,Emily Dixon,4018.88,NZD
916,Christopher Scott,4455.77,KRW
917,Courtney Atkins,4895.43,NOK
918,Christopher Jones,1606.0,HKD
919,John Cox,2679.27,AUD
920,Calvin Butler,4944.29,SEK
921,Jonathan Rosales,8675.79,JPY
922,Shannon Strickland,5042.68,AUD
923,Amanda Wagner,3121.42,SGD
924,Mr. Kevin Murphy II,1794.8,HKD
925,Kimberly Thomas,8030.8,CHF
926,Kenneth Scott,1555.53,AUD
927,Kevin Garcia,3879.05,EUR
928,Kelly Williams,4100.89,ILS
929,David Turner,9844.46,GBP
930,Sherry Saunders,9944.77,DKK
931,Gabriel Travis,8661.18,HKD
932,James Smith,4194.41,SEK
933,Lisa Davis,5819.22,EUR
934,Haley Wells,5817.82,KRW
935,Laura Sullivan,1605.76,CAD
936,Alexandra Johnson,202.18,PLN
937,Dr. Patrick Shaffer,1321.22,CAD
938,Beth Gonzalez,6910.2,HKD
939,Kristin Black,8815.86,AUD
940,Shannon Williams,8243.75,NOK
941,Jamie Barnes,5834.2,ILS
942,Renee Diaz,2250.97,USD
943,Benjamin Oconnell,103.09,EUR
944,Catherine Wise,5167.17,EUR
945,Jeffrey Martin DVM,4255.91,NZD
946,James White,7629.69,USD
947,Heidi Parker,7728.4,AUD
948,Tracey Delacruz,3500.48,ZAR
949,Scott Johnson,5163.35,USD
950,Tyler Mcneil,7313.77,CAD
951,Nathan Jennings,1568.31,SEK
952,Emily Flynn,2652.0,AUD
953,Kimberly Hill,504.26,HKD
954,Tommy Tucker,1451.71,CHF
955,Wendy Buck,4433.04,KRW
956,Carlos Turner,9021.74,AUD
957,Andre Jacobs,2626.77,CAD
958,Michelle Carter,3655.27,HKD
959,Joseph Ramirez,3607.2,JPY
960,Ryan Leonard,4434.97,NZD
961,Steven Austin,4920.56,CHF
962,Stephen Simon,3213.81,MXN
963,Henry Lucas,8250.36,CAD
964,Jill Gardner,4163.75,DKK
965,Stephanie Mcmahon,5795.33,INR
966,Jason Arnold,3137.83,ZAR
967,Vanessa Saunders,1219.83,EUR
968,Brian Robinson,7886.87,EUR
969,Elizabeth Archer,7861.45,INR
970,Tammy Griffin,2213.13,ILS
971,Jodi Mitchell,3685.23,EUR
972,Ashley Ross,5792.23,SGD
973,Taylor Banks,3928.75,KRW
974,Timothy Webster,5182.24,CAD
975,Andrew Wilcox,362.16,KRW
976,Christopher Haas,8363.77,KRW
977,Andrew Powell,1150.02,NOK
978,Brenda Reed,6380.76,PLN
979,Nicole Vang,3384.19,KRW
980,Yvette Flynn,4883.01,NZD
981,Todd Nielsen,9038.55,KRW
982,Theresa Wright,2049.99,HKD
983,Norma Garcia,3196.78,INR
984,Gabrielle Savage,1759.68,KRW
985,Lance Jones,8396.72,EUR
986,David Morris,5971.04,NOK
987,Jade Mendez,8346.83,SGD
988,Jeffrey Hansen,8928.04,KRW
989,Amber Acosta,8349.46,GBP
990,Rebecca Perez,5489.3,CAD
991,Stephen Contreras,3698.0,GBP
992,Sean Miller,797.24,INR
993,Justin Harris,4637.39,KRW
994,Ronald Smith,4124.71,MXN
995,Chad Fowler,303.95,EUR
996,Crystal Johnson,5968.26,BRL
997,Ashley Wilkerson,416.48,CHF
998,Kevin Reid,3232.0,GBP
999,Janice Perkins,5811.66,KRW
1000,Ashley Carr,6030.17,CAD
